ID,Country,Popularity Index,Avg Visitors
0,Andorra,24.137678453704147,985695
1,United Arab Emirates,60.943782155957486,11480000
2,Afghanistan,23.60264110670109,1537129
3,Antigua and Barbuda,29.207777461711395,931400
4,Anguilla,35.91606617865851,1141042
5,Albania,32.75674613794754,860474
6,Armenia,28.857562758769355,705852
